transaction_hash,transaction_index,block_number,gas_used,effective_gas_price,base_fee_per_gas,earn_txn_fee
0x49dc6da43976523192250e1a80f5b3c9792375295f284997c3161aa5aa784c1c,0,19000089,47188,94681716487,19681716487,3539100000000000
0x7a977fe3a10de470c2ff4e753ee36a6fccc8ca4bf235bb1a92f3ff77a0c4371b,1,19000089,134933,22181716487,19681716487,337332500000000
0xeff68732aa0c279da415311392ef566b53254f108360eb776b41feaedd29af46,2,19000089,28367,22181716487,19681716487,70917500000000
0x5f49fa10e6120ddadcb329852f8fce2f65c52a4cda30d96d39e62687be31aa72,3,19000089,154306,55681716487,19681716487,5555016000000000
0xa7836d189fa9d78b7ce2b6fa649dfcd70e3b95229e8c949c545ca869799c958a,4,19000089,62669,27664230282,19681716487,500256157018855
0x06e0dcd91b1b3a7da552f4c9ff65dbbb043a1edd87a15bb127d48152ac211d3e,5,19000089,21000,27664230282,19681716487,167632789695000
0x35d9e7762566d88f93b12d5ac5cb60ed46de2fc94477c55bfd7e65b31afd7eeb,6,19000089,194649,26681716487,19681716487,1362543000000000
0x07226f951b01ff7f6eee20673b69f7fafc06cab6288132926bdcea8a891986ed,7,19000089,21000,25664230282,19681716487,125632789695000
0x69e01b837581445ff64b3201efc7d06e0b0d1a5f61812f004cac778856186043,8,19000089,21000,25664230282,19681716487,125632789695000
0xd7d2c0a2695930e7c64224839088eb885cf6211f6e3708ec9061221cd90c61cb,9,19000089,34465,25664230282,19681716487,206187337944675
0xc9e6b8c7e87086ad70e72e7d8e5f4df3cfa017a91d5733ac1804afe7947eed39,10,19000089,57066,25664230282,19681716487,341398132225470
0x2ceb13b4da19c09f675eebf204ef0869b410e35a7068756e935597c7bde0e2e6,11,19000089,54805,25664230282,19681716487,327871668534975
0x55202df0ceafdad12cb6145b8629a7f13a5185bde787b29f27b22b4ac7d58ef0,12,19000089,184233,24681716487,19681716487,921165000000000
0xe98d1b5ef0dc4683e885fa82600aced360366cffa4268436a51a33f1d1719e88,13,19000089,21000,24280000000,19681716487,96563953773000
0xc0eeed1d9452bfceeac010f91904471d650d307e390bd1e6b5817bd907b23712,14,19000089,21000,24179040950,19681716487,94443813723000
0x5b7d731744ccb03f0120d68c663a69dd2059b8609ad8cb79081c59d65dba61c5,15,19000089,111309,23914018769,19681716487,471093334707138
0x996dd5c6d0063b7bb5f58e15506545d5a4cc3f8aede14833b4da6e7dfd8d8306,16,19000089,38102,23899577347,19681716487,160708934487720
0x066ac4fd5dca2ddc05c4404ae1d77d52ece5ad64edea8cd0a5075ed4322e34bc,17,19000089,120791,23681716487,19681716487,483164000000000
0xbdfb96075de0d3677b817da1879b50a7d8d5db4f8f5128e3ef757b0edf9065ff,18,19000089,120879,23681716487,19681716487,483516000000000
0xe57e47604a61a8cfb4bb8f3f4fca7ac98561ed2483760b1e48ab3f9d97017757,19,19000089,120402,23681716487,19681716487,481608000000000
0x51646a81e56773d7c5ec46b82fd94c9bccd2a420f94d356caf305eb49a480473,20,19000089,103791,23681716487,19681716487,415164000000000
0x998b308aaaa5572bfc68be613abb1d06e9a157253cd1e36ab18c0343e57876e5,21,19000089,120739,23681716487,19681716487,482956000000000
0x476189f503ce80b3f0bc49783e7d10bcee42a71c39fbc542954eb347c5276aad,22,19000089,54796,23597076338,19681716487,214546058395396
0x519eea70c00a141ef8c478fbddef842ccb92e97769341ac510723a7b4e8eec42,23,19000089,21000,23212716487,19681716487,74151000000000
0x0fc9e3065a81ffebf1def942122f5f9000f08ae5fde1ca75d3adc9cc767420dc,24,19000089,46447,23116745850,19681716487,159546808823261
0x634eb398d096518b2afe2d83b5265b66a2ee0a7d99c5a01f2e19ccde57ead4f0,25,19000089,21000,22683716487,19681716487,63042000000000
0xbbda5d810b24ec86bed8c724c1ce4c7d907674b5e1135b31b65c92cf2daf10a9,26,19000089,47188,22681716487,19681716487,141564000000000
0x822843ca4e0ad3393ddc37ba2492c8d8215ce8445468a9b649dc506f9b2f61f7,27,19000089,152263,22681716487,19681716487,456789000000000
0xe727fb1eec473fdb18bb26a43eee4be766256a2c8c3c93e96714abde9fc33a72,28,19000089,21000,22181716487,19681716487,52500000000000
0xf4fbcd598d3f1b9e80dd34fe94158308c3dce2b82d9ca14317a064f26a2c8a38,29,19000089,97100,22181716487,19681716487,242750000000000
0x3ccb2dc054b803cb8a35523839c3524b4f6931d0b08e99a7cb1ea9a193317064,30,19000089,21000,22181716487,19681716487,52500000000000
0xab082fc6d370cae93974a4c82339300ba441c27fe05ec46a35019c3c75f1d9cc,31,19000089,21000,22000000000,19681716487,48683953773000
0x2db8ba35360c691fa170460f8d51f3b4db892d465487630b49ff8679dce31a30,32,19000089,21000,21681716487,19681716487,42000000000000
0x1ee17468c00b93efddb26c1bd23fd85ba603deb3ae846f77ce2f100578861f98,33,19000089,21000,21681716487,19681716487,42000000000000
0xca4c100083cf8c80fc0489fbf9130897e46bd2109449f3d7e007e3a993d9bbd0,34,19000089,21000,21681716487,19681716487,42000000000000
0x54a9b5c7808978fc2874f6a5710cd219686c796430620398b0c0edcaa0c2b01a,35,19000089,45172,21681716487,19681716487,90344000000000
0xd6a963d92da235c7bee61351b984a8ff647249d44ec6ee424da9621ad82e4c35,36,19000089,21000,21681716487,19681716487,42000000000000
0x4bbfad4bb0a9f799a9cb7ecaadfe3ba7ab74aaa63a4ffd70ba3ee2f58a2c2d68,37,19000089,21000,21681716487,19681716487,42000000000000
0xdca6d24a0b2f18287ae4d6b245c2e3a6f339b238fe98e9dd5ce4b81bbbc7ae8c,38,19000089,21000,21681716487,19681716487,42000000000000
0x4cff6862003ab84287c87080731765b2c0a9c8a740755a208780b460976dd608,39,19000089,63209,21681716487,19681716487,126418000000000
0x38061b0734b60f87060e78f51f48a3b316877cbfad49e6f470e808fb86ae62f4,40,19000089,21000,21681716487,19681716487,42000000000000
0x0c5651cfa75dd497c7ca13b105d6472fda09f3bc55416fba3f19dbed3bbc1929,41,19000089,21000,21681716487,19681716487,42000000000000
0xd7c791ddcde85dee5ad8ae798d6eb9447605e29a64e24842950bc0b0a9a68162,42,19000089,21000,21681716487,19681716487,42000000000000
0xa06ff311e5a5ebecc17e68c02642356ab3e7f155da98adc9dd241d11603a2bd3,43,19000089,21000,21681716487,19681716487,42000000000000
0x58638e4352da487be7f314264dc989c073021c06a54ca3365e7833e37ad1a89b,44,19000089,105291,21181716487,19681716487,157936500000000
0x5b0d41e31005d3a9e5c13484fada3b91457a2e933f6eebec6ad8a92c18382ed1,45,19000089,55845,21000000000,19681716487,73619542783485
0xc01daab5191041e958135a4b1a79cb380685cf81eb073d67d34bcd478c74993a,46,19000089,30891,20681716487,19681716487,30891000000000
0x767190c98b6de149c7404881f424a799167e55cfd0e9a88d5391696c970a1756,47,19000089,246651,20681716487,19681716487,246651000000000
0xb59a15a78de8c222ee4bbe3c685711af30316c2b67134bf0ed375f51b538d82a,48,19000089,21000,20681716487,19681716487,21000000000000
0x043f372b715253188e66d39f9854bede264769327cc728bcb1b0cf4198d8e0e6,49,19000089,551388,20681716487,19681716487,551388000000000
0xa66612f119ddcef7c0ff56de8c9e232c48c78e723c1265d37e99172bebe490d4,50,19000089,21000,20681716487,19681716487,21000000000000
0x1a8db7ac294d5b0b26d1354122a82c6a08bfb605452178153c865433a850efbe,51,19000089,21000,20681716487,19681716487,21000000000000
0x8544f2cab160c295172b1e278424f34fc5d2e2f1ed75563b52097fae91919ad4,52,19000089,21000,20681716487,19681716487,21000000000000
0x71c7578203886c7dc92a4efdccbfcac6c67c652d1b1f4b323dc56fa1eb2fb711,53,19000089,21000,20681716487,19681716487,21000000000000
0xfb51dd156a364d095a2371714d686a176b5ffe9087a592fefce6bdd501fa7f94,54,19000089,21000,20681716487,19681716487,21000000000000
0x8fa167bc61112326d0d8eb6c3fc3402ba3622a008f7cd5639948622a06d71ea9,55,19000089,21000,20681716487,19681716487,21000000000000
0xf2495d85f5e6f89544106db2e8781d3684461d0112a81868424b31d4fae521fd,56,19000089,21000,20681716487,19681716487,21000000000000
0x49b2f2d10a2e83db894bbc883857344d72f0805958db7a5c3c82bb463e4e3ea7,57,19000089,21000,20681716487,19681716487,21000000000000
0xab1e7b1b8e61be40adc8ff3b792e1c9cbc8f75b20929e01ae6607f08f67d68c3,58,19000089,202539,20681716487,19681716487,202539000000000
0x94ed804ee6d5568f27ff1432e3d8b4493a6a3d53c71c2585cc4e73f7e3c75c68,59,19000089,21000,20681716487,19681716487,21000000000000
0x3ad3c1283dbade32bf52407c85e14633d0618016aed85c32a0de013e50a9cd3f,60,19000089,21000,20681716487,19681716487,21000000000000
0x8beece4686d2abc9c6fd08a76477b4787c9744dc385cecfc1dec6c6c4af9915b,61,19000089,22760,20311716487,19681716487,14338800000000
0xa956a2d7cf0dad80f885e2c012964958c7745c09da48803fbf95dccb7b1dc76d,62,19000089,119548,20224928262,19681716487,64939881277700
0x45675600aac6de99cc04d7125c0164f51f5a2c8eb1747a2af4d36b9971f846b3,63,19000089,116688,20197442057,19681716487,60178985312160
0x0000030e216422ba4789ac1dca3d51fcd0ef8b4b3f220fcb64109bfd49762284,64,19000089,22824,20181716487,19681716487,11412000000000
0x15185261e9ce0e65e34282bae886e5510bba5d0539b9e276129164eacf8595b8,65,19000089,41309,20175717687,19681716487,20406695570800
0x6161c26cc7f79e7bd2f6e9c7aea3042533568d6613b942c5737215f62e17b3b1,66,19000089,41309,20175717687,19681716487,20406695570800
0x469c0f82324b0dc0c039da4dcd9e2cd6c7d7482323450ee9e2c79b102ace208a,67,19000089,30336,20167667461,19681716487,14741808747264
0x2757c6f2cebf702f9a5a55db5d4b7b587183d7bb498002022bc72a2fccebf1a8,68,19000089,21000,20000000000,19681716487,6683953773000
0x875b983a610bce5ea885ca9283774008a150a62a777eabdf338e1375a0e153d2,69,19000089,21000,20000000000,19681716487,6683953773000
0x7c311a4997e0579cb669d3c07f821a371c98d99a03b9b4d9fdaeeb7771c9bcfe,70,19000089,46587,19981716487,19681716487,13976100000000
0x95f5d49bc2162abde12fd247227a7f8b675479a37e0f43f5316f9f33395970cc,71,19000089,213445,19981716487,19681716487,64033500000000
0x37357dc0a9d8a8c794899f69f534e07e91a0efb9532380025b0c804ad9a354d2,72,19000089,213377,19981716487,19681716487,64013100000000
0x7810bbfebf9758a59012c705c4ae26b34f1b949d5d085520c0895cf620ea14d4,73,19000089,195456,19981716487,19681716487,58636800000000
0xa4beab7b5cb81875570bd090ee9a61b775e67a422126526f027965cf0e6ec5f0,74,19000089,34454,19916314456,19681716487,8082838423926
0xb9b026534ba64b7dbb23c7d46ffb061a9b81e83c2012e4ba2dd1f222e4a1298a,75,19000089,75619,19916314456,19681716487,17740063817811
0x446b0b05cdce13c62b0844f1e4a20dd4f378219e6115a70b38b37e55758ae5b0,76,19000089,2006915,19916314456,19681716487,470818182955635
0xf4c8304a71718947a618e101bc1cac1ec625f47af107b3dda982c6d7d2acf438,77,19000089,21000,19881716487,19681716487,4200000000000
0xa2e5fdf957ae621ce21c998b8417e381c525c1aec9b270f0a552493ce0abb0e9,78,19000089,47188,19781716487,19681716487,4718800000000
0xc583c194a8b6a49bb4b38ffb84fa63fb0e0ac03d3edcb66765d22ad1ebe33aaf,79,19000089,21000,19781716487,19681716487,2100000000000
0xbc1a46d13ad2b03fbb06aa0f1f4ea9140f70c2203ee60f54c8f283ecd9335044,80,19000089,120335,19781716487,19681716487,12033500000000
0x70c4b0737ed1031cd9ad4978a85e9c036330e35425c7d9a807c828a887cc4789,81,19000089,21000,19781716487,19681716487,2100000000000
0x2660d2bbebd5f907059858885269a682e4500b5cb33d5b0d003031e2b4601884,82,19000089,40372,19781716487,19681716487,4037200000000
0x874803958753deac0283f286ef3998eb868c80b6e14cefe3b2b0a8ca85e2f458,83,19000089,45160,19781716487,19681716487,4516000000000
0x102bf8d9b4f1293fe68d043c73fae8c46d0c38495b8a5f60f3ae17cbaef56823,84,19000089,58409,19781716487,19681716487,5840900000000
0x04d0ae3bb861debab505a741ddaf7a2bd228f9cc18b68ec6c11eff27e70d7cd4,85,19000089,208767,19781716487,19681716487,20876700000000
0xb01fc72208ac997cf0915b6efafd19d9abc7232ef3aa2d7ff7fa806e325b9ec6,86,19000089,46571,19781716487,19681716487,4657100000000
0xcb5a68ff33c0dc19ece1ccae547d472737c592041b7d20efc8e8343fddd39d23,87,19000089,21000,19781716487,19681716487,2100000000000
0x7bf98e00aa7b9bdbdcca23ff9635666e6838dcaaebbd92675df8e46a0f9c70cb,88,19000089,46310,19781716487,19681716487,4631000000000
0xf6e96bd68671ad4ddf7b5f7815d271b48653cf4b460f54790b34f9dfce5fcc32,89,19000089,174377,19781716487,19681716487,17437700000000
0xe87cb109d9f2c717772bf646a1390ce7a5aef64543f065141054805fa4be5238,90,19000089,95668,19781716487,19681716487,9566800000000
0x623bc6548d32c3595927e20638885d1ee7152bd1970ebee36eca62b6921ba051,91,19000089,21000,19781716487,19681716487,2100000000000
0x7eb17d5102ad5a0e388c6599e4589228e1be9ff85397f7c641367a3df0267c48,92,19000089,50195,19781716487,19681716487,5019500000000
0x371abafcfd1bbd0ebf0887c4dbc8237e2821abba7fe0e03fa70157e9f450278d,93,19000089,120726,19781716487,19681716487,12072600000000
0xee385cbc30fb17a3a2f991d477b432adb8743d83c007f6f7b1dd5a3ec5678a92,94,19000089,21000,19781716487,19681716487,2100000000000
0xcc32ddabc0477386271392bc7418dbcfc2bb9457ac35a4ea34b424d7b2ac464b,95,19000089,290930,19781716487,19681716487,29093000000000
0xcaeebcaf113e97f849b0fd7fb26445719b15885a6bb8b31ca8d0dab9eeecfbc9,96,19000089,40348,19781716487,19681716487,4034800000000
0x3eba518ce2d059d470d597b91d3fd8072db8191ccbb5546d6faa428428ac4436,97,19000089,617573,19781716487,19681716487,61757300000000
0x6bd20e50107ea2d331ce43f4526751c71f1297aef373d302f727763f61496474,98,19000089,53493,19781716487,19681716487,5349300000000
0x710485a49c3b289b5ba61b7985d1686edeb262825be599fd9a27dca2fc353998,99,19000089,21000,19781716487,19681716487,2100000000000
0x81ef5ca44935e08faa2a40fb2c263ea3d81300e87392c70152ffaa21cf8bbba7,100,19000089,21000,19781716487,19681716487,2100000000000
0x6759442d411740b53e5518301c55e58e9ec80fc300f905dccfcd073841dc5500,101,19000089,22728,19781716487,19681716487,2272800000000
0x575990b95c533dd280f401c31f73ed70db0b8da8b8bdb01626e1b02cd37037d8,102,19000089,197315,19781716487,19681716487,19731500000000
0x178a60da69505f7029e2719fa2625ab8390664ab49c048961f0d08181b75aa8d,103,19000089,21000,19781716487,19681716487,2100000000000
0x447c6be5da1b5137c61dc34363677ba3848684dea63bb83d072565b2c6e343b9,104,19000089,45160,19781716487,19681716487,4516000000000
0x7b37c3c291a6b4e1041f76187dddd3f920145771b4d50cb92994677b26903a4c,105,19000089,121516,19781716487,19681716487,12151600000000
0xfa1006cdc3c9f1a100c002e13ebfd450dd7480ef0de044a6ecb5cd79007c43a8,106,19000089,63209,19781716487,19681716487,6320900000000
0x9177301f466b3e31241046f475c41c6a448403f2fe30064885c7e4967f5e5162,107,19000089,47054,19781716487,19681716487,4705400000000
0x5aa4e271824d483a512dc2c303e5037bc73a895b0857f7225659d5cafaaf5ca1,108,19000089,21000,19781716487,19681716487,2100000000000
0x46020990bd78b4e5e806d2f3e1b95842ba3b047fa606ac92f2f75376b2bfd475,109,19000089,48501,19781716487,19681716487,4850100000000
0xf1a161fd1b5f7a0119e90e7df972f5f81aab5822f4a6b434923e4aa1eaaa0783,110,19000089,70058,19781716487,19681716487,7005800000000
0x4810c74a15b866b6f0223a20a2fbdb07bbf77bad3b5f53212d32bbfd94d2305e,111,19000089,192533,19781716487,19681716487,19253300000000
0x86c598d704e6cce6cd5ef17139beaacfb59882ef714e8979db063d700bc070c3,112,19000089,54519,19781716487,19681716487,5451900000000
0x07cf9b5de984acd97fbb6b3895dde859e0c8a7f681875497910969dd4325f3f9,113,19000089,136680,19781716487,19681716487,13668000000000
0x0cd860990190dc5983f611ee7ae66996f3c4edf53c64004be72472e54027624f,114,19000089,21000,19781716487,19681716487,2100000000000
0x3468e1ed68ed5a2cf0588f081349f3ad3ba7edcf822b09241c8e57a535ce762b,115,19000089,22744,19780716487,19681716487,2251656000000
0xbced9210d9909d48c2e888af89ae6741cac4b9ae5b852b011f5f73a752a7af16,116,19000089,115447,19771716487,19681716487,10390230000000
0xa71dd1ec210a9b2bb55014c374e8539ed6f4126b6faf91003acb0c169a4db83e,117,19000089,220068,19754845267,19681716487,16093304357040
0xfe64897b96c69f8872c7c16518ad97152f05a8f0c7ce361f902261b9579dc7db,118,19000089,21000,19731716487,19681716487,1050000000000
0xca735ac84d9ec9191dbc80fc25bd9b107589120fe16be693b11d1001d4b789a2,119,19000089,590548,19731716487,19681716487,29527400000000
0x26255095641301a7c411f07e4a62fd29516b9a25192037d5de65c1d903fdb884,120,19000089,63352,19731716487,19681716487,3167600000000
0x1393220c3844b1913b10a4188fbbe33210032af8bbce955ed8c5759d392e3c83,121,19000089,168020,19729430282,19681716487,8016871835900
0x962920239678b23895e92234fbbd717ac274b15584447923acea63cb2d67d8ab,122,19000089,107115,19704230282,19681716487,2411565151425
0xd70ab1da41903e5f8e913c51b27b6533a7cdedfcc09b56d464f746c0dbd3ebb0,123,19000089,117896,19704230282,19681716487,2654286375320
0xb004802ad139f3ac09a8f40c9cf87741590ac1f3572eef4428d74d89d0f37eb9,124,19000089,174748,19691716487,19681716487,1747480000000
0x485acb5353e4b9e886e59e585fa0c74ac28465f49b6ba5afd5393303bd576b5e,125,19000089,1309058,19691716487,19681716487,13090580000000
0xff3767b76c53060590f50a5a542086adf23972385d4591c9a3f206f6743e81d7,126,19000089,21000,19691716487,19681716487,210000000000
0x4f3a94fa80a08ff43fad61ce3e32b8e5988140d3ad5623c27fb67b5692aee210,127,19000089,21000,19691716487,19681716487,210000000000
0xda169993a3be197aa6bff3aaf9e38e40759f44e4ae8b8306856130d8cfc25f90,128,19000089,21000,19691716487,19681716487,210000000000
0xbcbf3ba2ba4985047f9ed56c60dce0ce1bf069bf1a9d06d312d678b973844ef7,129,19000089,128959,19682716487,19681716487,128959000000
0x4267110bcd23dff1cf829d9ac69b955cf8d76c0ae82da7b567c5d1c01768345e,130,19000089,28159,19681716487,19681716487,0
